{
  "tasks": [
    {
      "id": "1",
      "title": "Build Real-Time Chat Feature",
      "description": "Implement a real-time chat system with WebSocket support, message history, and online status indicators",
      "status": "in_progress",
      "priority": "high",
      "tags": [
        "feature",
        "websocket",
        "real-time",
        "chat"
      ],
      "aiWorkingOn": false,
      "qaHistory": [
        {
          "question": {
            "id": "q1-live-test",
            "text": "Which WebSocket library should I use for the real-time chat feature?",
            "category": "TECHNICAL DECISION",
            "priority": "high",
            "context": "We need a robust, well-maintained library that works well with modern web frameworks and has excellent TypeScript support for our chat system.",
            "options": [
              {
                "label": "Socket.IO",
                "recommended": true
              },
              {
                "label": "ws (WebSocket library)",
                "recommended": false
              },
              {
                "label": "uWebSockets.js",
                "recommended": false
              },
              {
                "label": "Sockette",
                "recommended": false
              }
            ],
            "askedAt": "2025-10-11T16:45:00.000Z"
          },
          "answer": {
            "questionId": "q1-live-test",
            "selectedOption": "Socket.IO",
            "answeredAt": "2025-10-11T17:12:04.943Z",
            "answeredBy": "user"
          }
        },
        {
          "question": {
            "id": "q2-message-storage",
            "text": "How should we handle message persistence and history storage?",
            "category": "ARCHITECTURE",
            "priority": "critical",
            "context": "For the chat system, we need to decide how to store message history. This affects scalability, performance, and data retrieval patterns.",
            "options": [
              {
                "label": "MongoDB (NoSQL document store)",
                "recommended": true
              },
              {
                "label": "PostgreSQL (Relational database)"
              },
              {
                "label": "Redis only (In-memory cache)"
              },
              {
                "label": "Hybrid (Redis + PostgreSQL)"
              }
            ],
            "askedAt": "2025-10-11T17:15:00.000Z"
          },
          "answer": {
            "questionId": "q2-message-storage",
            "customAnswer": "Why you didn't use MCP for the question?",
            "answeredAt": "2025-10-11T17:19:08.302Z",
            "answeredBy": "user"
          }
        },
        {
          "question": {
            "id": "q1760203508433-r3wbgc0h8",
            "text": "For the real-time chat system, should we implement WebSocket-based typing indicators to show when users are typing?",
            "category": "TECHNICAL DECISION",
            "priority": "high",
            "context": "Typing indicators enhance user experience by providing real-time feedback, but they require additional WebSocket events and state management. This decision affects the complexity of both frontend and backend implementation.",
            "options": [
              {
                "label": "Yes, implement typing indicators",
                "recommended": true
              },
              {
                "label": "No, keep it simple for now"
              },
              {
                "label": "Only for direct messages, not group chats"
              },
              {
                "label": "Make it optional (user preference)"
              }
            ],
            "askedAt": "2025-10-11T17:25:08.433Z"
          },
          "answer": {
            "questionId": "q1760203508433-r3wbgc0h8",
            "selectedOption": "Yes, implement typing indicators",
            "answeredAt": "2025-10-11T17:25:37.300Z",
            "answeredBy": "user"
          }
        },
        {
          "question": {
            "id": "q1760254904314-b1zgvicyi",
            "text": "Should the real-time chat feature support file attachments (images, documents, videos)?",
            "category": "TECHNICAL DECISION",
            "priority": "high",
            "context": "File attachments would enhance the chat experience but require additional backend storage (S3/Azure Blob), file type validation, virus scanning, and larger bandwidth. This affects infrastructure costs and implementation complexity.",
            "options": [
              {
                "label": "Yes, support all common file types (images, docs, videos)",
                "recommended": true
              },
              {
                "label": "Only images and small documents (< 10MB)"
              },
              {
                "label": "Images only for now"
              },
              {
                "label": "No file attachments, keep it text-only"
              }
            ],
            "askedAt": "2025-10-12T07:41:44.314Z"
          },
          "answer": {
            "questionId": "q1760254904314-b1zgvicyi",
            "selectedOption": "Yes, support all common file types (images, docs, videos)",
            "answeredAt": "2025-10-12T07:42:00.421Z",
            "answeredBy": "user"
          }
        }
      ],
      "research": [],
      "comments": [
        {
          "id": "c1",
          "author": "ai",
          "authorName": "AI Agent",
          "content": "Starting work on real-time chat feature. I have some questions about the technical implementation to ensure it aligns with your requirements.",
          "type": "comment",
          "createdAt": "2025-10-11T16:39:30.000Z"
        }
      ],
      "changes": [],
      "createdAt": "2025-10-11T16:38:58.985Z",
      "updatedAt": "2025-10-12T07:42:00.422Z"
    },
    {
      "id": "2",
      "title": "Fix non-functional Add Comment and Change Status buttons in task cards",
      "description": "Fix two critical UI interaction issues:\n\n**Acceptance Criteria:**\n1. ✅ Add Comment button becomes functional - opens comment input and saves comments to task\n2. ✅ Change Status button becomes functional - allows status changes (todo/in_progress/review/done)\n3. ✅ Both features update the task via TaskService\n4. ✅ UI reflects changes immediately after action\n5. ✅ Changes persist to .auxly/tasks.json\n\n**Scope:**\n- **Included:** Fix event handlers for both buttons, wire up to TaskService methods\n- **Excluded:** Redesigning the UI, adding new features beyond these two buttons\n- **Clarification Required:** None - requirements are clear\n\n**Technical Requirements:**\n- Use existing TaskService methods for updating tasks\n- Event delegation or proper event binding for dynamically created elements\n- Proper error handling and user feedback\n\n**Files/Components:**\n- Modify: extension/src/webview/TaskPanelProvider.ts (event handlers, UI updates)\n\n**Testing:**\n- Click \"Add Comment\" → Input appears → Type comment → Saves successfully\n- Click \"Change Status\" → Dropdown/options appear → Select new status → Updates successfully\n\n**Edge Cases:**\n- Handle empty comments (don't save)\n- Handle invalid status values\n- Handle API/service errors gracefully",
      "status": "review",
      "priority": "high",
      "tags": [
        "bug-fix",
        "ui",
        "task-panel",
        "user-interaction"
      ],
      "createdAt": "2025-10-11T17:41:43.456Z",
      "updatedAt": "2025-10-11T17:51:01.021Z",
      "aiWorkingOn": false,
      "research": [],
      "comments": [],
      "changes": []
    }
  ],
  "lastModified": "2025-10-12T07:42:00.422Z",
  "version": "1.0.0"
}